name,ori_res,resi,mute_res,affinity,file
PsLac_A_I_454_A,I,454,A,-5.314,result/PsLac/PsLac_A_I_454_A.pdbqt
PsLac_A_L_462_N,L,462,N,-5.344,result/PsLac/PsLac_A_L_462_N.pdbqt
PsLac_A_G_393_G,G,393,G,-5.349,result/PsLac/PsLac_A_G_393_G.pdbqt
PsLac_A_G_393_T,G,393,T,-5.345,result/PsLac/PsLac_A_G_393_T.pdbqt
PsLac_A_G_393_E,G,393,E,-5.338,result/PsLac/PsLac_A_G_393_E.pdbqt
PsLac_A_C_452_V,C,452,V,-5.343,result/PsLac/PsLac_A_C_452_V.pdbqt
PsLac_A_P_397_H,P,397,H,-5.441,result/PsLac/PsLac_A_P_397_H.pdbqt
PsLac_A_P_397_I,P,397,I,-5.382,result/PsLac/PsLac_A_P_397_I.pdbqt
PsLac_A_I_454_T,I,454,T,-5.309,result/PsLac/PsLac_A_I_454_T.pdbqt
PsLac_A_G_393_Q,G,393,Q,-5.116,result/PsLac/PsLac_A_G_393_Q.pdbqt
PsLac_A_H_396_G,H,396,G,-5.349,result/PsLac/PsLac_A_H_396_G.pdbqt
PsLac_A_H_396_F,H,396,F,-5.351,result/PsLac/PsLac_A_H_396_F.pdbqt
PsLac_A_I_454_H,I,454,H,-5.331,result/PsLac/PsLac_A_I_454_H.pdbqt
PsLac_A_C_452_W,C,452,W,-5.345,result/PsLac/PsLac_A_C_452_W.pdbqt
PsLac_A_H_457_K,H,457,K,-5.346,result/PsLac/PsLac_A_H_457_K.pdbqt
PsLac_A_L_462_A,L,462,A,-5.341,result/PsLac/PsLac_A_L_462_A.pdbqt
PsLac_A_I_454_I,I,454,I,-5.349,result/PsLac/PsLac_A_I_454_I.pdbqt
PsLac_A_I_454_C,I,454,C,-5.329,result/PsLac/PsLac_A_I_454_C.pdbqt
PsLac_A_P_397_Y,P,397,Y,-5.417,result/PsLac/PsLac_A_P_397_Y.pdbqt
PsLac_A_P_397_W,P,397,W,-5.562,result/PsLac/PsLac_A_P_397_W.pdbqt
PsLac_A_C_452_T,C,452,T,-5.347,result/PsLac/PsLac_A_C_452_T.pdbqt
PsLac_A_G_393_F,G,393,F,-5.329,result/PsLac/PsLac_A_G_393_F.pdbqt
PsLac_A_L_462_E,L,462,E,-5.32,result/PsLac/PsLac_A_L_462_E.pdbqt
PsLac_A_P_397_R,P,397,R,-5.394,result/PsLac/PsLac_A_P_397_R.pdbqt
PsLac_A_H_396_A,H,396,A,-5.345,result/PsLac/PsLac_A_H_396_A.pdbqt
PsLac_A_C_452_I,C,452,I,-5.348,result/PsLac/PsLac_A_C_452_I.pdbqt
PsLac_A_H_457_L,H,457,L,-5.35,result/PsLac/PsLac_A_H_457_L.pdbqt
PsLac_A_H_396_W,H,396,W,-5.297,result/PsLac/PsLac_A_H_396_W.pdbqt
PsLac_A_P_397_S,P,397,S,-5.347,result/PsLac/PsLac_A_P_397_S.pdbqt
PsLac_A_I_454_N,I,454,N,-5.346,result/PsLac/PsLac_A_I_454_N.pdbqt
PsLac_A_H_396_I,H,396,I,-5.333,result/PsLac/PsLac_A_H_396_I.pdbqt
PsLac_A_H_396_M,H,396,M,-5.307,result/PsLac/PsLac_A_H_396_M.pdbqt
PsLac_A_I_454_D,I,454,D,-5.31,result/PsLac/PsLac_A_I_454_D.pdbqt
PsLac_A_P_397_G,P,397,G,-5.344,result/PsLac/PsLac_A_P_397_G.pdbqt
PsLac_A_I_454_V,I,454,V,-5.318,result/PsLac/PsLac_A_I_454_V.pdbqt
PsLac_A_L_462_L,L,462,L,-5.349,result/PsLac/PsLac_A_L_462_L.pdbqt
PsLac_A_C_452_K,C,452,K,-5.328,result/PsLac/PsLac_A_C_452_K.pdbqt
PsLac_A_H_457_I,H,457,I,-5.305,result/PsLac/PsLac_A_H_457_I.pdbqt
PsLac_A_L_462_C,L,462,C,-5.339,result/PsLac/PsLac_A_L_462_C.pdbqt
PsLac_A_H_457_Q,H,457,Q,-5.341,result/PsLac/PsLac_A_H_457_Q.pdbqt
PsLac_A_C_452_S,C,452,S,-5.343,result/PsLac/PsLac_A_C_452_S.pdbqt
PsLac_A_L_462_Q,L,462,Q,-5.344,result/PsLac/PsLac_A_L_462_Q.pdbqt
PsLac_A_G_393_H,G,393,H,-5.331,result/PsLac/PsLac_A_G_393_H.pdbqt
PsLac_A_P_397_T,P,397,T,-5.379,result/PsLac/PsLac_A_P_397_T.pdbqt
PsLac_A_L_462_P,L,462,P,-5.338,result/PsLac/PsLac_A_L_462_P.pdbqt
PsLac_A_L_462_Y,L,462,Y,-5.327,result/PsLac/PsLac_A_L_462_Y.pdbqt
PsLac_A_G_393_K,G,393,K,-5.342,result/PsLac/PsLac_A_G_393_K.pdbqt
PsLac_A_C_452_F,C,452,F,-5.31,result/PsLac/PsLac_A_C_452_F.pdbqt
PsLac_A_H_457_D,H,457,D,-5.324,result/PsLac/PsLac_A_H_457_D.pdbqt
PsLac_A_L_462_G,L,462,G,-5.271,result/PsLac/PsLac_A_L_462_G.pdbqt
PsLac_A_H_396_C,H,396,C,-5.348,result/PsLac/PsLac_A_H_396_C.pdbqt
PsLac_A_G_393_D,G,393,D,-5.34,result/PsLac/PsLac_A_G_393_D.pdbqt
PsLac_A_G_393_C,G,393,C,-5.349,result/PsLac/PsLac_A_G_393_C.pdbqt
PsLac_A_P_397_L,P,397,L,-5.37,result/PsLac/PsLac_A_P_397_L.pdbqt
PsLac_A_H_396_N,H,396,N,-5.287,result/PsLac/PsLac_A_H_396_N.pdbqt
PsLac_A_H_396_S,H,396,S,-5.295,result/PsLac/PsLac_A_H_396_S.pdbqt
PsLac_A_G_393_I,G,393,I,-5.326,result/PsLac/PsLac_A_G_393_I.pdbqt
PsLac_A_I_454_P,I,454,P,-5.327,result/PsLac/PsLac_A_I_454_P.pdbqt
PsLac_A_G_393_N,G,393,N,-5.311,result/PsLac/PsLac_A_G_393_N.pdbqt
PsLac_A_H_457_H,H,457,H,-5.349,result/PsLac/PsLac_A_H_457_H.pdbqt
PsLac_A_G_393_S,G,393,S,-5.333,result/PsLac/PsLac_A_G_393_S.pdbqt
PsLac_A_H_457_E,H,457,E,-5.274,result/PsLac/PsLac_A_H_457_E.pdbqt
PsLac_A_H_457_N,H,457,N,-5.342,result/PsLac/PsLac_A_H_457_N.pdbqt
PsLac_A_P_397_D,P,397,D,-5.355,result/PsLac/PsLac_A_P_397_D.pdbqt
PsLac_A_G_393_A,G,393,A,-5.342,result/PsLac/PsLac_A_G_393_A.pdbqt
PsLac_A_H_396_Y,H,396,Y,-5.34,result/PsLac/PsLac_A_H_396_Y.pdbqt
PsLac_A_H_457_R,H,457,R,-5.347,result/PsLac/PsLac_A_H_457_R.pdbqt
PsLac_A_L_462_D,L,462,D,-5.337,result/PsLac/PsLac_A_L_462_D.pdbqt
PsLac_A_G_393_V,G,393,V,-5.334,result/PsLac/PsLac_A_G_393_V.pdbqt
PsLac_A_G_393_R,G,393,R,-5.34,result/PsLac/PsLac_A_G_393_R.pdbqt
PsLac_A_G_393_P,G,393,P,-5.318,result/PsLac/PsLac_A_G_393_P.pdbqt
PsLac_A_C_452_D,C,452,D,-5.343,result/PsLac/PsLac_A_C_452_D.pdbqt
PsLac_A_C_452_L,C,452,L,-5.301,result/PsLac/PsLac_A_C_452_L.pdbqt
PsLac_A_I_454_L,I,454,L,-5.338,result/PsLac/PsLac_A_I_454_L.pdbqt
PsLac_A_C_452_N,C,452,N,-5.344,result/PsLac/PsLac_A_C_452_N.pdbqt
PsLac_A_P_397_V,P,397,V,-5.368,result/PsLac/PsLac_A_P_397_V.pdbqt
PsLac_A_I_454_S,I,454,S,-5.349,result/PsLac/PsLac_A_I_454_S.pdbqt
PsLac_A_H_396_L,H,396,L,-5.346,result/PsLac/PsLac_A_H_396_L.pdbqt
PsLac_A_G_393_Y,G,393,Y,-5.318,result/PsLac/PsLac_A_G_393_Y.pdbqt
PsLac_A_H_396_Q,H,396,Q,-5.29,result/PsLac/PsLac_A_H_396_Q.pdbqt
PsLac_A_C_452_R,C,452,R,-5.34,result/PsLac/PsLac_A_C_452_R.pdbqt
PsLac_A_C_452_E,C,452,E,-5.311,result/PsLac/PsLac_A_C_452_E.pdbqt
PsLac_A_I_454_G,I,454,G,-5.341,result/PsLac/PsLac_A_I_454_G.pdbqt
PsLac_A_L_462_V,L,462,V,-5.31,result/PsLac/PsLac_A_L_462_V.pdbqt
PsLac_A_H_396_H,H,396,H,-5.349,result/PsLac/PsLac_A_H_396_H.pdbqt
PsLac_A_H_396_K,H,396,K,-5.344,result/PsLac/PsLac_A_H_396_K.pdbqt
PsLac_A_H_457_W,H,457,W,-5.336,result/PsLac/PsLac_A_H_457_W.pdbqt
PsLac_A_P_397_C,P,397,C,-5.342,result/PsLac/PsLac_A_P_397_C.pdbqt
PsLac_A_P_397_P,P,397,P,-5.349,result/PsLac/PsLac_A_P_397_P.pdbqt
PsLac_A_C_452_Q,C,452,Q,-5.348,result/PsLac/PsLac_A_C_452_Q.pdbqt
PsLac_A_I_454_K,I,454,K,-5.346,result/PsLac/PsLac_A_I_454_K.pdbqt
PsLac_A_C_452_M,C,452,M,-5.329,result/PsLac/PsLac_A_C_452_M.pdbqt
PsLac_A_P_397_E,P,397,E,-5.39,result/PsLac/PsLac_A_P_397_E.pdbqt
PsLac_A_C_452_H,C,452,H,-5.345,result/PsLac/PsLac_A_C_452_H.pdbqt
PsLac_A_P_397_N,P,397,N,-5.38,result/PsLac/PsLac_A_P_397_N.pdbqt
PsLac_A_H_457_P,H,457,P,-5.337,result/PsLac/PsLac_A_H_457_P.pdbqt
PsLac_A_L_462_S,L,462,S,-5.341,result/PsLac/PsLac_A_L_462_S.pdbqt
PsLac_A_P_397_K,P,397,K,-5.377,result/PsLac/PsLac_A_P_397_K.pdbqt
PsLac_A_C_452_Y,C,452,Y,-5.274,result/PsLac/PsLac_A_C_452_Y.pdbqt
PsLac_A_C_452_C,C,452,C,-5.349,result/PsLac/PsLac_A_C_452_C.pdbqt
PsLac_A_L_462_T,L,462,T,-5.318,result/PsLac/PsLac_A_L_462_T.pdbqt
PsLac_A_H_457_S,H,457,S,-5.329,result/PsLac/PsLac_A_H_457_S.pdbqt
PsLac_A_L_462_R,L,462,R,-5.342,result/PsLac/PsLac_A_L_462_R.pdbqt
PsLac_A_H_457_C,H,457,C,-5.341,result/PsLac/PsLac_A_H_457_C.pdbqt
PsLac_A_H_396_E,H,396,E,-5.317,result/PsLac/PsLac_A_H_396_E.pdbqt
PsLac_A_L_462_M,L,462,M,-5.336,result/PsLac/PsLac_A_L_462_M.pdbqt
PsLac_A_H_457_M,H,457,M,-5.34,result/PsLac/PsLac_A_H_457_M.pdbqt
PsLac_A_I_454_Y,I,454,Y,-5.33,result/PsLac/PsLac_A_I_454_Y.pdbqt
PsLac_A_P_397_A,P,397,A,-5.344,result/PsLac/PsLac_A_P_397_A.pdbqt
PsLac_A_P_397_F,P,397,F,-5.419,result/PsLac/PsLac_A_P_397_F.pdbqt
PsLac_A_G_393_M,G,393,M,-5.355,result/PsLac/PsLac_A_G_393_M.pdbqt
PsLac_A_H_396_P,H,396,P,-5.324,result/PsLac/PsLac_A_H_396_P.pdbqt
PsLac_A_H_396_V,H,396,V,-5.308,result/PsLac/PsLac_A_H_396_V.pdbqt
PsLac_A_P_397_M,P,397,M,-5.412,result/PsLac/PsLac_A_P_397_M.pdbqt
PsLac_A_H_457_A,H,457,A,-5.339,result/PsLac/PsLac_A_H_457_A.pdbqt
PsLac_A_H_396_D,H,396,D,-5.335,result/PsLac/PsLac_A_H_396_D.pdbqt
PsLac_A_H_457_V,H,457,V,-5.35,result/PsLac/PsLac_A_H_457_V.pdbqt
PsLac_A_C_452_A,C,452,A,-5.323,result/PsLac/PsLac_A_C_452_A.pdbqt
PsLac_A_H_457_Y,H,457,Y,-5.336,result/PsLac/PsLac_A_H_457_Y.pdbqt
PsLac_A_P_397_Q,P,397,Q,-5.378,result/PsLac/PsLac_A_P_397_Q.pdbqt
PsLac_A_I_454_W,I,454,W,-5.328,result/PsLac/PsLac_A_I_454_W.pdbqt
PsLac_A_L_462_H,L,462,H,-5.336,result/PsLac/PsLac_A_L_462_H.pdbqt
PsLac_A_C_452_G,C,452,G,-5.345,result/PsLac/PsLac_A_C_452_G.pdbqt
PsLac_A_H_396_R,H,396,R,-5.324,result/PsLac/PsLac_A_H_396_R.pdbqt
PsLac_A_H_457_F,H,457,F,-5.332,result/PsLac/PsLac_A_H_457_F.pdbqt
PsLac_A_H_457_T,H,457,T,-5.341,result/PsLac/PsLac_A_H_457_T.pdbqt
PsLac_A_H_457_G,H,457,G,-5.353,result/PsLac/PsLac_A_H_457_G.pdbqt
PsLac_A_I_454_F,I,454,F,-5.327,result/PsLac/PsLac_A_I_454_F.pdbqt
PsLac_A_L_462_K,L,462,K,-5.341,result/PsLac/PsLac_A_L_462_K.pdbqt
PsLac_A_I_454_R,I,454,R,-5.333,result/PsLac/PsLac_A_I_454_R.pdbqt
PsLac_A_H_396_T,H,396,T,-5.319,result/PsLac/PsLac_A_H_396_T.pdbqt
PsLac_A_I_454_M,I,454,M,-5.337,result/PsLac/PsLac_A_I_454_M.pdbqt
PsLac_A_I_454_Q,I,454,Q,-5.342,result/PsLac/PsLac_A_I_454_Q.pdbqt
PsLac_A_L_462_I,L,462,I,-5.327,result/PsLac/PsLac_A_L_462_I.pdbqt
PsLac_A_C_452_P,C,452,P,-5.346,result/PsLac/PsLac_A_C_452_P.pdbqt
PsLac_A_G_393_W,G,393,W,-5.342,result/PsLac/PsLac_A_G_393_W.pdbqt
PsLac_A_I_454_E,I,454,E,-5.323,result/PsLac/PsLac_A_I_454_E.pdbqt
PsLac_A_L_462_W,L,462,W,-5.347,result/PsLac/PsLac_A_L_462_W.pdbqt
PsLac_A_G_393_L,G,393,L,-5.338,result/PsLac/PsLac_A_G_393_L.pdbqt
PsLac_A_L_462_F,L,462,F,-5.332,result/PsLac/PsLac_A_L_462_F.pdbqt
